Num Chambers,Path Length
3,50.0
3,50.0
3,6.499999999999998
3,2.499999999999999
4,14.500000000000005
4,50.0
4,5.5
4,2.0000000000000027
6,28.000000000000004
6,50.0
6,5.499999999999999
6,2.000000000000001

Num Chambers,Excluded Paths Count
3,2
4,1
6,1
